Workbook

Sheet Assumptions
A1: Thailand Supplements & Global Fiber Market Model — Assumptions
A2: All editable inputs are shaded yellow with blue text. Everything else recalculates automatically.
A4: USD → THB Exchange Rate (held constant across all years) | B4: 33.2 | C4: Source: Xe.com, Aug 14, 2026 (mid-market rate) [5]
A6: Market | B6: Anchor Year | C6: Anchor Value (USD, Millions) | D6: CAGR | E6: CAGR Basis (per source) | F6: Source
A7: Thailand Probiotics | B7: 2025 | C7: 239.64 | D7: 0.0819 | E7: 2025 → 2030 (report's own forecast window) | F7: [1] Knowledge Sourcing Intelligence LLP (2024, Dec). Thailand probiotics market - Forecasts from 2025 to 2030.
A8: Thailand Prebiotics | B8: 2023 | C8: 73.4 | D8: 0.123 | E8: Report horizon is 2026-2033; the single CAGR anchor point available (2023 base) is applied across all of 2020-2030 here. | F8: [2] Grand View Research (2025, Apr). Thailand prebiotics market size & outlook, 2026-2033.
A9: Thailand Dietary Supplements | B9: 2024 | C9: 2410 | D9: 0.107 | E9: 2025 → 2030 (report's own forecast window) | F9: [3] Grand View Research (2025). Thailand dietary supplements market report, 2030.
A10: Fiber Supplements – Global | B10: 2025 | C10: 10430 | D10: 0.0821 | E10: Report horizon is 2026-2034; the single CAGR anchor point available (2025 base) is applied across all of 2020-2030 here. | F10: [4] Fortune Business Insights (n.d.). Fiber supplements market size, share | Growth report [2034]. Retrieved Aug 14, 2026.
A13: Methodology & caveats
A14: • Each market has only 1-2 real “anchor” data points from its source report (a base year + a forecast-period CAGR), not a genuine year-by-year history across 2020-2030. Every non-anchor year in the Annual Table sheet is modeled by compounding the source CAGR forward and/or backward from the anchor year — it is an estimate, not reported actual data.
A15: • Anchor-year values (Assumptions column C, and the matching ★ cells on the Annual Table sheet) are the only figures traceable directly to a cited source. Anchor Value (USD) is derived by dividing the THB figure originally supplied back through the 33.20 exchange rate — if the exact USD figure from the source report becomes available, replace the yellow cell in column C with it directly.
A16: • Holding the exchange rate constant across 2020-2030 is a simplification. USD/THB actually ranged roughly 30-37 over 2020-2026; for higher accuracy, replace the single rate in B4 with a year-by-year average rate (would require restructuring the Annual Table formulas to reference a rate per year instead of one shared rate).
A17: • Fiber Supplements is a GLOBAL figure, not Thailand-specific — no reliable Thailand-only fiber supplements market report was found. A Thailand-only estimate would require applying an APAC share (~38.7%) or a GDP/population proxy, which would compound the uncertainty further.
A18: • Compounding a single CAGR uniformly across 10 years assumes steady growth, which real markets rarely do exactly — most visibly, this model cannot capture any COVID-era (2020-2021) disruption to growth rates.
A20: How to use this workbook
A21: • Change the exchange rate in B4, or any market's Anchor Year / Anchor Value / CAGR in the yellow cells above, and every year on the ‘Annual Table (THB Million)’ sheet recalculates automatically.
A22: • Bold, shaded cells on the Annual Table sheet mark each market's anchor year (the one real data point) — every other cell is modeled.
A25: Full references
A26: [1] Knowledge Sourcing Intelligence LLP. (2024, December). Thailand probiotics market - Forecasts from 2025 to 2030. https://www.researchandmarkets.com/reports/5350974/thailand-probiotics-market-forecasts-from-2025
A27: [2] Grand View Research. (2025, April). Thailand prebiotics market size & outlook, 2026-2033. https://www.grandviewresearch.com/horizon/outlook/prebiotics-market/thailand
... A30: [5] Xe.com. (2026, August 14). USD to THB exchange rate. Retrieved from https://www.xe.com/en-us/currencyconverter/convert/?Amount=1&From=USD&To=THB

Sheet Annual Table (THB Million)
A1: Thailand Supplements & Global Fiber Market — Annual Series, 2020-2030 (฿M THB Million)
A2: Bold, shaded cell = the real anchor data point from the source report. All other cells are modeled via compound CAGR (see Assumptions sheet).
A4: Year | B4: Thailand Probiotics (฿M) | C4: Thailand Prebiotics (฿M) | D4: Thailand Dietary Supplements (฿M) | E4: Fiber Supplements – Global (฿M)
A5: 2020 | B5: =Assumptions!$C$7*Assumptions!$B$4*(1+Assumptions!$D$7)^($A5-Assumptions!$B$7) -> 5367.3732 | C5: =Assumptions!$C$8*Assumptions!$B$4*(1+Assumptions!$D$8)^($A5-Assumptions!$B$8) -> 1720.6593 | D5: =Assumptions!$C$9*Assumptions!$B$4*(1+Assumptions!$D$9)^($A5-Assumptions!$B$9) -> 53280.052 | E5: =Assumptions!$C$10*Assumptions!$B$4*(1+Assumptions!$D$10)^($A5-Assumptions!$B$10) -> 233391.7
A6: 2021 | B6: =Assumptions!$C$7*Assumptions!$B$4*(1+Assumptions!$D$7)^($A6-Assumptions!$B$7) -> 5806.961 | C6: =Assumptions!$C$8*Assumptions!$B$4*(1+Assumptions!$D$8)^($A6-Assumptions!$B$8) -> 1932.3003 | D6: =Assumptions!$C$9*Assumptions!$B$4*(1+Assumptions!$D$9)^($A6-Assumptions!$B$9) -> 58981.018 | E6: =Assumptions!$C$10*Assumptions!$B$4*(1+Assumptions!$D$10)^($A6-Assumptions!$B$10) -> 252553.16
A7: 2022 | B7: =Assumptions!$C$7*Assumptions!$B$4*(1+Assumptions!$D$7)^($A7-Assumptions!$B$7) -> 6282.5511 | C7: =Assumptions!$C$8*Assumptions!$B$4*(1+Assumptions!$D$8)^($A7-Assumptions!$B$8) -> 2169.9733 | D7: =Assumptions!$C$9*Assumptions!$B$4*(1+Assumptions!$D$9)^($A7-Assumptions!$B$9) -> 65291.987 | E7: =Assumptions!$C$10*Assumptions!$B$4*(1+Assumptions!$D$10)^($A7-Assumptions!$B$10) -> 273287.77
A8: 2023 | B8: =Assumptions!$C$7*Assumptions!$B$4*(1+Assumptions!$D$7)^($A8-Assumptions!$B$7) -> 6797.0921 | C8: =Assumptions!$C$8*Assumptions!$B$4*(1+Assumptions!$D$8)^($A8-Assumptions!$B$8) -> 2436.88 | D8: =Assumptions!$C$9*Assumptions!$B$4*(1+Assumptions!$D$9)^($A8-Assumptions!$B$9) -> 72278.229 | E8: =Assumptions!$C$10*Assumptions!$B$4*(1+Assumptions!$D$10)^($A8-Assumptions!$B$10) -> 295724.7
A9: 2024 | B9: =Assumptions!$C$7*Assumptions!$B$4*(1+Assumptions!$D$7)^($A9-Assumptions!$B$7) -> 7353.7739 | C9: =Assumptions!$C$8*Assumptions!$B$4*(1+Assumptions!$D$8)^($A9-Assumptions!$B$8) -> 2736.6162 | D9: =Assumptions!$C$9*Assumptions!$B$4*(1+Assumptions!$D$9)^($A9-Assumptions!$B$9) -> 80012 | E9: =Assumptions!$C$10*Assumptions!$B$4*(1+Assumptions!$D$10)^($A9-Assumptions!$B$10) -> 320003.7
A10: 2025 | B10: =Assumptions!$C$7*Assumptions!$B$4*(1+Assumptions!$D$7)^($A10-Assumptions!$B$7) -> 7956.048 | C10: =Assumptions!$C$8*Assumptions!$B$4*(1+Assumptions!$D$8)^($A10-Assumptions!$B$8) -> 3073.22 | D10: =Assumptions!$C$9*Assumptions!$B$4*(1+Assumptions!$D$9)^($A10-Assumptions!$B$9) -> 88573.284 | E10: =Assumptions!$C$10*Assumptions!$B$4*(1+Assumptions!$D$10)^($A10-Assumptions!$B$10) -> 346276
A11: 2026 | B11: =Assumptions!$C$7*Assumptions!$B$4*(1+Assumptions!$D$7)^($A11-Assumptions!$B$7) -> 8607.6483 | C11: =Assumptions!$C$8*Assumptions!$B$4*(1+Assumptions!$D$8)^($A11-Assumptions!$B$8) -> 3451.2261 | D11: =Assumptions!$C$9*Assumptions!$B$4*(1+Assumptions!$D$9)^($A11-Assumptions!$B$9) -> 98050.625 | E11: =Assumptions!$C$10*Assumptions!$B$4*(1+Assumptions!$D$10)^($A11-Assumptions!$B$10) -> 374705.26
A12: 2027 | B12: =Assumptions!$C$7*Assumptions!$B$4*(1+Assumptions!$D$7)^($A12-Assumptions!$B$7) -> 9312.6147 | C12: =Assumptions!$C$8*Assumptions!$B$4*(1+Assumptions!$D$8)^($A12-Assumptions!$B$8) -> 3875.7269 | D12: =Assumptions!$C$9*Assumptions!$B$4*(1+Assumptions!$D$9)^($A12-Assumptions!$B$9) -> 108542.04 | E12: =Assumptions!$C$10*Assumptions!$B$4*(1+Assumptions!$D$10)^($A12-Assumptions!$B$10) -> 405468.56
A13: 2028 | B13: =Assumptions!$C$7*Assumptions!$B$4*(1+Assumptions!$D$7)^($A13-Assumptions!$B$7) -> 10075.318 | C13: =Assumptions!$C$8*Assumptions!$B$4*(1+Assumptions!$D$8)^($A13-Assumptions!$B$8) -> 4352.4413 | D13: =Assumptions!$C$9*Assumptions!$B$4*(1+Assumptions!$D$9)^($A13-Assumptions!$B$9) -> 120156.04 | E13: =Assumptions!$C$10*Assumptions!$B$4*(1+Assumptions!$D$10)^($A13-Assumptions!$B$10) -> 438757.53
A14: 2029 | B14: =Assumptions!$C$7*Assumptions!$B$4*(1+Assumptions!$D$7)^($A14-Assumptions!$B$7) -> 10900.486 | C14: =Assumptions!$C$8*Assumptions!$B$4*(1+Assumptions!$D$8)^($A14-Assumptions!$B$8) -> 4887.7916 | D14: =Assumptions!$C$9*Assumptions!$B$4*(1+Assumptions!$D$9)^($A14-Assumptions!$B$9) -> 133012.74 | E14: =Assumptions!$C$10*Assumptions!$B$4*(1+Assumptions!$D$10)^($A14-Assumptions!$B$10) -> 474779.52
A15: 2030 | B15: =Assumptions!$C$7*Assumptions!$B$4*(1+Assumptions!$D$7)^($A15-Assumptions!$B$7) -> 11793.236 | C15: =Assumptions!$C$8*Assumptions!$B$4*(1+Assumptions!$D$8)^($A15-Assumptions!$B$8) -> 5488.99 | D15: =Assumptions!$C$9*Assumptions!$B$4*(1+Assumptions!$D$9)^($A15-Assumptions!$B$9) -> 147245.1 | E15: =Assumptions!$C$10*Assumptions!$B$4*(1+Assumptions!$D$10)^($A15-Assumptions!$B$10) -> 513758.92
A17: CAGR used | B17: =Assumptions!$D$7 -> 0.0819 | C17: =Assumptions!$D$8 -> 0.123 | D17: =Assumptions!$D$9 -> 0.107 | E17: =Assumptions!$D$10 -> 0.0821
A18: Anchor year | B18: =Assumptions!$B$7 -> 2025 | C18: =Assumptions!$B$8 -> 2023 | D18: =Assumptions!$B$9 -> 2024 | E18: =Assumptions!$B$10 -> 2025
A20: Shaded/bold cell in the table above = anchor year (real reported data point). All other years are modeled, not reported.
